{
  "type": [
    "null",
    "object"
  ],
  "additionalProperties": false,
  "properties": {
    "channel_id": {
      "type": ["null", "string"]
    },
    "client_msg_id": {
      "type": [
        "null",
        "string"
      ]
    },
    "type": {
      "type": [
        "null",
        "string"
      ]
    },
    "text": {
      "type": [
        "null",
        "string"
      ]
    },
    "user": {
      "type": [
        "null",
        "string"
      ]
    },
    "ts": {
      "type": [
        "null",
        "string"
      ],
      "format": "date-time"
    },
    "team": {
      "type": [
        "null",
        "string"
      ]
    },
    "blocks": {
      "type": [
        "null",
        "array"
      ],
      "items": {
        "type": [
          "null",
          "object"
        ],
        "additionalProperties": true,
        "properties": {
          "type": {
            "type": [
              "null",
              "string"
            ]
          }
        }
      }
    },
    "thread_ts": {
      "type": [
        "null",
        "string"
      ]
    },
    "reply_count": {
      "type": [
        "null",
        "integer"
      ]
    },
    "reply_users_count": {
      "type": [
        "null",
        "number"
      ]
    },
    "latest_reply": {
      "type": [
        "null",
        "string"
      ]
    },
    "reply_users": {
      "type": [
        "null",
        "array"
      ],
      "items": {
        "type": "string"
      }
    },
    "subscribed": {
      "type": [
        "null",
        "boolean"
      ]
    }
  }
}