{
  "type": ["null", "object"],
  "additionalProperties": false,
  "properties": {
    "id": {
      "type": ["null", "string"]
    },
    "team_id": {
      "type": ["null", "string"]
    },
    "name": {
      "type": ["null", "string"]
    },
    "deleted": {
      "type": ["null", "boolean"]
    },
    "color": {
      "type": ["null", "string"]
    },
    "real_name": {
      "type": ["null", "string"]
    },
    "tz": {
      "type": ["null", "string"]
    },
    "tz_label": {
      "type": ["null", "string"]
    },
    "tz_offset": {
      "type": ["null", "integer"]
    },
    "is_admin": {
      "type": ["null", "boolean"]
    },
    "is_owner": {
      "type": ["null", "boolean"]
    },
    "is_primary_owner": {
      "type": ["null", "boolean"]
    },
    "is_restricted": {
      "type": ["null", "boolean"]
    },
    "is_ultra_restricted": {
      "type": ["null", "boolean"]
    },
    "is_bot": {
      "type": ["null", "boolean"]
    },
    "updated": {
      "type": ["null", "string"],
      "format": "date-time"
    },
    "is_app_user": {
      "type": ["null", "boolean"]
    },
    "has_2fa": {
      "type": ["null", "boolean"]
    },
    "profile": {
      "properties": {
        "avatar_hash": {
          "type": [
            "null",
            "string"
          ]
        },
        "status_text": {
          "type": [
            "null",
            "string"
          ]
        },
        "status_emoji": {
          "type": [
            "null",
            "string"
          ]
        },
        "real_name": {
          "type": [
            "null",
            "string"
          ]
        },
        "display_name": {
          "type": [
            "null",
            "string"
          ]
        },
        "real_name_normalized": {
          "type": [
            "null",
            "string"
          ]
        },
        "display_name_normalized": {
          "type": [
            "null",
            "string"
          ]
        },
        "email": {
          "type": [
            "null",
            "string"
          ]
        },
        "image_24": {
          "type": [
            "null",
            "string"
          ]
        },
        "image_32": {
          "type": [
            "null",
            "string"
          ]
        },
        "image_48": {
          "type": [
            "null",
            "string"
          ]
        },
        "image_72": {
          "type": [
            "null",
            "string"
          ]
        },
        "image_192": {
          "type": [
            "null",
            "string"
          ]
        },
        "image_512": {
          "type": [
            "null",
            "string"
          ]
        },
        "team": {
          "type": [
            "null",
            "string"
          ]
        }
      },
      "type": ["null", "object"]
    }
  }
}
