{
  "type": [
    "null",
    "object"
  ],
  "properties": {
    "custom": {},
    "trusted": {
      "type": [
        "null",
        "boolean"
      ]
    },
    "notifications_suppressed_for": {
      "type": [
        "null",
        "array"
      ],
      "items": {
        "type": [
          "null",
          "integer"
        ]
      }
    },
    "flags_options": {
      "type": [
        "null",
        "object"
      ],
      "properties": {
        "2": {
          "type": [
            "null",
            "object"
          ],
          "properties": {
            "trusted": {
              "type": [
                "null",
                "boolean"
              ]
            }
          }
        },
        "11": {
          "type": [
            "null",
            "object"
          ],
          "properties": {
            "trusted": {
              "type": [
                "null",
                "boolean"
              ]
            },
            "message": {
              "type": [
                "null",
                "object"
              ],
              "properties": {
                "user": {
                  "type": [
                    "null",
                    "string"
                  ]
                }
              }
            }
          }
        }
      }
    },
    "flags": {
      "type": [
        "null",
        "array"
      ],
      "items": {
        "type": [
          "null",
          "integer"
        ]
      }
    },
    "system": {
      "type": [
        "null",
        "object"
      ],
      "properties": {
        "location": {
          "type": [
            "null",
            "string"
          ]
        },
        "longitude": {
          "type": [
            "null",
            "number"
          ]
        },
        "message_id": {
          "type": [
            "null",
            "string"
          ]
        },
        "raw_email_identifier": {
          "type": [
            "null",
            "string"
          ]
        },
        "ip_address": {
          "type": [
            "null",
            "string"
          ]
        },
        "json_email_identifier": {
          "type": [
            "null",
            "string"
          ]
        },
        "client": {
          "type": [
            "null",
            "string"
          ]
        },
        "latitude": {
          "type": [
            "null",
            "number"
          ]
        }
      }
    }
  }
}
