{
  "properties": {
    "state": {
      "type": [
        "null",
        "string"
      ]
    },
    "url": {
      "type": [
        "null",
        "string"
      ]
    },
    "labels": {
      "type": ["null", "array"],
      "items": {
        "type": "object",
        "properties": {
          "id": {
            "type": ["null", "integer"]
          },
          "node_id": {
            "type": ["null", "string"]
          },
          "url": {
            "type": ["null", "string"]
          },
          "name": {
            "type": ["null", "string"]
          },
          "description": {
            "type": ["null", "string"]
          },
          "color": {
            "type": ["null", "string"]
          },
          "default": {
            "type": ["null", "boolean"]
          }
        }
      }
    },
    "repository_url": {
      "type": [
        "null",
        "string"
      ]
    },
    "number": {
      "type": [
        "null",
        "integer"
      ]
    },
    "closed_at": {
      "type": [
        "null",
        "string"
      ],
      "format": "date-time"
    },
    "labels_url": {
      "type": [
        "null",
        "string"
      ]
    },
    "title": {
      "type": [
        "null",
        "string"
      ]
    },
    "assignee": {
      "type": [
        "null",
        "object"
      ],
      "properties": {}
    },
    "updated_at": {
      "type": [
        "null",
        "string"
      ],
      "format": "date-time"
    },
    "html_url": {
      "type": [
        "null",
        "string"
      ]
    },
    "author_association": {
      "type": [
        "null",
        "string"
      ]
    },
    "locked": {
      "type": [
        "null",
        "boolean"
      ]
    },
    "events_url": {
      "type": [
        "null",
        "string"
      ]
    },
    "pull_request": {
      "properties": {
        "diff_url": {
          "type": [
            "null",
            "string"
          ]
        },
        "html_url": {
          "type": [
            "null",
            "string"
          ]
        },
        "patch_url": {
          "type": [
            "null",
            "string"
          ]
        },
        "url": {
          "type": [
            "null",
            "string"
          ]
        }
      },
      "type": [
        "null",
        "object"
      ]
    },
    "node_id": {
      "type": [
        "null",
        "string"
      ]
    },
    "body": {
      "type": [
        "null",
        "string"
      ]
    },
    "comments": {
      "type": [
        "null",
        "integer"
      ]
    },
    "created_at": {
      "type": [
        "null",
        "string"
      ],
      "format": "date-time"
    },
    "_sdc_repository": {
      "type": ["string"]
    },
    "user": {
      "properties": {
        "repos_url": {
          "type": [
            "null",
            "string"
          ]
        },
        "starred_url": {
          "type": [
            "null",
            "string"
          ]
        },
        "url": {
          "type": [
            "null",
            "string"
          ]
        },
        "received_events_url": {
          "type": [
            "null",
            "string"
          ]
        },
        "site_admin": {
          "type": [
            "null",
            "boolean"
          ]
        },
        "gravatar_id": {
          "type": [
            "null",
            "string"
          ]
        },
        "following_url": {
          "type": [
            "null",
            "string"
          ]
        },
        "avatar_url": {
          "type": [
            "null",
            "string"
          ]
        },
        "events_url": {
          "type": [
            "null",
            "string"
          ]
        },
        "id": {
          "type": [
            "null",
            "integer"
          ]
        },
        "login": {
          "type": [
            "null",
            "string"
          ]
        },
        "organizations_url": {
          "type": [
            "null",
            "string"
          ]
        },
        "html_url": {
          "type": [
            "null",
            "string"
          ]
        },
        "type": {
          "type": [
            "null",
            "string"
          ]
        },
        "subscriptions_url": {
          "type": [
            "null",
            "string"
          ]
        },
        "node_id": {
          "type": [
            "null",
            "string"
          ]
        },
        "followers_url": {
          "type": [
            "null",
            "string"
          ]
        },
        "gists_url": {
          "type": [
            "null",
            "string"
          ]
        }
      },
      "type": [
        "null",
        "object"
      ]
    },
    "id": {
      "type": [
        "null",
        "integer"
      ]
    },
    "comments_url": {
      "type": [
        "null",
        "string"
      ]
    }
  },
  "type": [
    "null",
    "object"
  ]
}
