{
  "type": [
    "null",
    "object"
  ],
  "properties": {
    "commit_id": {
      "type": [
        "null",
        "string"
      ]
    },
    "created_at": {
      "type": [
        "null",
        "string"
      ],
      "format": "date-time"
    },
    "commit_url": {
      "type": [
        "null",
        "string"
      ]
    },
    "url": {
      "type": [
        "null",
        "string"
      ]
    },
    "event": {
      "type": [
        "null",
        "string"
      ]
    },
    "issue": {
      "type": [
        "null",
        "object"
      ],
      "properties": {
        "user": {
          "type": [
            "null",
            "object"
          ],
          "properties": {
            "gravatar_id": {
              "type": [
                "null",
                "string"
              ]
            },
            "received_events_url": {
              "type": [
                "null",
                "string"
              ]
            },
            "url": {
              "type": [
                "null",
                "string"
              ]
            },
            "subscriptions_url": {
              "type": [
                "null",
                "string"
              ]
            },
            "gists_url": {
              "type": [
                "null",
                "string"
              ]
            },
            "html_url": {
              "type": [
                "null",
                "string"
              ]
            },
            "repos_url": {
              "type": [
                "null",
                "string"
              ]
            },
            "events_url": {
              "type": [
                "null",
                "string"
              ]
            },
            "login": {
              "type": [
                "null",
                "string"
              ]
            },
            "followers_url": {
              "type": [
                "null",
                "string"
              ]
            },
            "starred_url": {
              "type": [
                "null",
                "string"
              ]
            },
            "avatar_url": {
              "type": [
                "null",
                "string"
              ]
            },
            "id": {
              "type": [
                "null",
                "integer"
              ]
            },
            "type": {
              "type": [
                "null",
                "string"
              ]
            },
            "site_admin": {
              "type": [
                "null",
                "boolean"
              ]
            },
            "node_id": {
              "type": [
                "null",
                "string"
              ]
            },
            "organizations_url": {
              "type": [
                "null",
                "string"
              ]
            },
            "following_url": {
              "type": [
                "null",
                "string"
              ]
            }
          }
        },
        "comments": {
          "type": [
            "null",
            "integer"
          ]
        },
        "author_association": {
          "type": [
            "null",
            "string"
          ]
        },
        "milestone": {
          "type": [
            "null",
            "object"
          ],
          "properties": {
            "closed_at": {
              "type": [
                "null",
                "string"
              ]
            },
            "closed_issues": {
              "type": [
                "null",
                "integer"
              ]
            },
            "created_at": {
              "type": [
                "null",
                "string"
              ],
              "format": "date-time"
            },
            "creator": {
              "type": [
                "null",
                "object"
              ],
              "properties": {
                "avatar_url": {
                  "type": [
                    "null",
                    "string"
                  ]
                },
                "events_url": {
                  "type": [
                    "null",
                    "string"
                  ]
                },
                "followers_url": {
                  "type": [
                    "null",
                    "string"
                  ]
                },
                "following_url": {
                  "type": [
                    "null",
                    "string"
                  ]
                },
                "gists_url": {
                  "type": [
                    "null",
                    "string"
                  ]
                },
                "gravatar_id": {
                  "type": [
                    "null",
                    "string"
                  ]
                },
                "html_url": {
                  "type": [
                    "null",
                    "string"
                  ]
                },
                "id": {
                  "type": [
                    "null",
                    "integer"
                  ]
                },
                "login": {
                  "type": [
                    "null",
                    "string"
                  ]
                },
                "node_id": {
                  "type": [
                    "null",
                    "string"
                  ]
                },
                "organizations_url": {
                  "type": [
                    "null",
                    "string"
                  ]
                },
                "received_events_url": {
                  "type": [
                    "null",
                    "string"
                  ]
                },
                "repos_url": {
                  "type": [
                    "null",
                    "string"
                  ]
                },
                "site_admin": {
                  "type": [
                    "null",
                    "boolean"
                  ]
                },
                "starred_url": {
                  "type": [
                    "null",
                    "string"
                  ]
                },
                "subscriptions_url": {
                  "type": [
                    "null",
                    "string"
                  ]
                },
                "type": {
                  "type": [
                    "null",
                    "string"
                  ]
                },
                "url": {
                  "type": [
                    "null",
                    "string"
                  ]
                }
              }
            },
            "description": {
              "type": [
                "null",
                "string"
              ]
            },
            "due_on": {
              "type": [
                "null",
                "string"
              ],
              "format": "date-time"
            },
            "html_url": {
              "type": [
                "null",
                "string"
              ]
            },
            "id": {
              "type": [
                "null",
                "integer"
              ]
            },
            "labels_url": {
              "type": [
                "null",
                "string"
              ]
            },
            "node_id": {
              "type": [
                "null",
                "string"
              ]
            },
            "number": {
              "type": [
                "null",
                "integer"
              ]
            },
            "open_issues": {
              "type": [
                "null",
                "integer"
              ]
            },
            "state": {
              "type": [
                "null",
                "string"
              ]
            },
            "title": {
              "type": [
                "null",
                "string"
              ]
            },
            "updated_at": {
              "type": [
                "null",
                "string"
              ],
              "format": "date-time"
            },
            "url": {
              "type": [
                "null",
                "string"
              ]
            }
          }
        },
        "closed_at": {
          "type": [
            "null",
            "string"
          ],
          "format": "date-time"
        },
        "html_url": {
          "type": [
            "null",
            "string"
          ]
        },
        "body": {
          "type": [
            "null",
            "string"
          ]
        },
        "active_lock_reason": {
          "type": [
            "null",
            "string"
          ]
        },
        "performed_via_github_app": {
          "type": [
            "null",
            "string"
          ]
        },
        "assignee": {
          "type": [
            "null",
            "object"
          ],
          "properties": {
            "gravatar_id": {
              "type": [
                "null",
                "string"
              ]
            },
            "received_events_url": {
              "type": [
                "null",
                "string"
              ]
            },
            "url": {
              "type": [
                "null",
                "string"
              ]
            },
            "subscriptions_url": {
              "type": [
                "null",
                "string"
              ]
            },
            "gists_url": {
              "type": [
                "null",
                "string"
              ]
            },
            "html_url": {
              "type": [
                "null",
                "string"
              ]
            },
            "repos_url": {
              "type": [
                "null",
                "string"
              ]
            },
            "events_url": {
              "type": [
                "null",
                "string"
              ]
            },
            "login": {
              "type": [
                "null",
                "string"
              ]
            },
            "followers_url": {
              "type": [
                "null",
                "string"
              ]
            },
            "starred_url": {
              "type": [
                "null",
                "string"
              ]
            },
            "avatar_url": {
              "type": [
                "null",
                "string"
              ]
            },
            "id": {
              "type": [
                "null",
                "integer"
              ]
            },
            "type": {
              "type": [
                "null",
                "string"
              ]
            },
            "site_admin": {
              "type": [
                "null",
                "boolean"
              ]
            },
            "node_id": {
              "type": [
                "null",
                "string"
              ]
            },
            "organizations_url": {
              "type": [
                "null",
                "string"
              ]
            },
            "following_url": {
              "type": [
                "null",
                "string"
              ]
            }
          }
        },
        "id": {
          "type": [
            "null",
            "integer"
          ]
        },
        "pull_request": {
          "type": [
            "null",
            "object"
          ],
          "properties": {
            "diff_url": {
              "type": [
                "null",
                "string"
              ]
            },
            "html_url": {
              "type": [
                "null",
                "string"
              ]
            },
            "patch_url": {
              "type": [
                "null",
                "string"
              ]
            },
            "url": {
              "type": [
                "null",
                "string"
              ]
            }
          }
        },
        "comments_url": {
          "type": [
            "null",
            "string"
          ]
        },
        "locked": {
          "type": [
            "null",
            "boolean"
          ]
        },
        "labels_url": {
          "type": [
            "null",
            "string"
          ]
        },
        "url": {
          "type": [
            "null",
            "string"
          ]
        },
        "events_url": {
          "type": [
            "null",
            "string"
          ]
        },
        "updated_at": {
          "type": [
            "null",
            "string"
          ],
          "format": "date-time"
        },
        "state": {
          "type": [
            "null",
            "string"
          ]
        },
        "repository_url": {
          "type": [
            "null",
            "string"
          ]
        },
        "number": {
          "type": [
            "null",
            "integer"
          ]
        },
        "created_at": {
          "type": [
            "null",
            "string"
          ],
          "format": "date-time"
        },
        "title": {
          "type": [
            "null",
            "string"
          ]
        },
        "node_id": {
          "type": [
            "null",
            "string"
          ]
        },
        "labels": {
          "type": [
            "null",
            "array"
          ],
          "items": {
            "type": [
              "null",
              "object"
            ],
            "properties": {
              "name": {
                "type": [
                  "null",
                  "string"
                ]
              },
              "url": {
                "type": [
                  "null",
                  "string"
                ]
              },
              "description": {
                "type": [
                  "null",
                  "string"
                ]
              },
              "id": {
                "type": [
                  "null",
                  "integer"
                ]
              },
              "node_id": {
                "type": [
                  "null",
                  "string"
                ]
              },
              "color": {
                "type": [
                  "null",
                  "string"
                ]
              },
              "default": {
                "type": [
                  "null",
                  "boolean"
                ]
              }
            }
          }
        },
        "assignees": {
          "type": [
            "null",
            "array"
          ],
          "items": {
            "type": [
              "null",
              "object"
            ],
            "properties": {
              "gravatar_id": {
                "type": [
                  "null",
                  "string"
                ]
              },
              "received_events_url": {
                "type": [
                  "null",
                  "string"
                ]
              },
              "url": {
                "type": [
                  "null",
                  "string"
                ]
              },
              "subscriptions_url": {
                "type": [
                  "null",
                  "string"
                ]
              },
              "gists_url": {
                "type": [
                  "null",
                  "string"
                ]
              },
              "html_url": {
                "type": [
                  "null",
                  "string"
                ]
              },
              "repos_url": {
                "type": [
                  "null",
                  "string"
                ]
              },
              "events_url": {
                "type": [
                  "null",
                  "string"
                ]
              },
              "login": {
                "type": [
                  "null",
                  "string"
                ]
              },
              "followers_url": {
                "type": [
                  "null",
                  "string"
                ]
              },
              "starred_url": {
                "type": [
                  "null",
                  "string"
                ]
              },
              "avatar_url": {
                "type": [
                  "null",
                  "string"
                ]
              },
              "id": {
                "type": [
                  "null",
                  "integer"
                ]
              },
              "type": {
                "type": [
                  "null",
                  "string"
                ]
              },
              "site_admin": {
                "type": [
                  "null",
                  "boolean"
                ]
              },
              "node_id": {
                "type": [
                  "null",
                  "string"
                ]
              },
              "organizations_url": {
                "type": [
                  "null",
                  "string"
                ]
              },
              "following_url": {
                "type": [
                  "null",
                  "string"
                ]
              }
            }
          }
        }
      }
    },
    "id": {
      "type": [
        "null",
        "integer"
      ]
    },
    "actor": {
      "type": [
        "null",
        "object"
      ],
      "properties": {
        "gravatar_id": {
          "type": [
            "null",
            "string"
          ]
        },
        "received_events_url": {
          "type": [
            "null",
            "string"
          ]
        },
        "url": {
          "type": [
            "null",
            "string"
          ]
        },
        "subscriptions_url": {
          "type": [
            "null",
            "string"
          ]
        },
        "gists_url": {
          "type": [
            "null",
            "string"
          ]
        },
        "html_url": {
          "type": [
            "null",
            "string"
          ]
        },
        "repos_url": {
          "type": [
            "null",
            "string"
          ]
        },
        "events_url": {
          "type": [
            "null",
            "string"
          ]
        },
        "login": {
          "type": [
            "null",
            "string"
          ]
        },
        "followers_url": {
          "type": [
            "null",
            "string"
          ]
        },
        "starred_url": {
          "type": [
            "null",
            "string"
          ]
        },
        "avatar_url": {
          "type": [
            "null",
            "string"
          ]
        },
        "id": {
          "type": [
            "null",
            "integer"
          ]
        },
        "type": {
          "type": [
            "null",
            "string"
          ]
        },
        "site_admin": {
          "type": [
            "null",
            "boolean"
          ]
        },
        "node_id": {
          "type": [
            "null",
            "string"
          ]
        },
        "organizations_url": {
          "type": [
            "null",
            "string"
          ]
        },
        "following_url": {
          "type": [
            "null",
            "string"
          ]
        }
      }
    },
    "node_id": {
      "type": [
        "null",
        "string"
      ]
    },
    "performed_via_github_app": {
      "type": [
        "null",
        "string"
      ]
    },
    "_sdc_repository": {
      "type": [
        "null",
        "string"
      ]
    },
    "rename": {
      "type": [
        "null",
        "object"
      ],
      "properties": {
        "to": {
          "type": [
            "null",
            "string"
          ]
        },
        "from": {
          "type": [
            "null",
            "string"
          ]
        }
      }
    },
    "label": {
      "type": [
        "null",
        "object"
      ],
      "properties": {
        "name": {
          "type": [
            "null",
            "string"
          ]
        },
        "color": {
          "type": [
            "null",
            "string"
          ]
        }
      }
    },
    "requested_reviewer": {
      "type": [
        "null",
        "object"
      ],
      "properties": {
        "gravatar_id": {
          "type": [
            "null",
            "string"
          ]
        },
        "received_events_url": {
          "type": [
            "null",
            "string"
          ]
        },
        "url": {
          "type": [
            "null",
            "string"
          ]
        },
        "subscriptions_url": {
          "type": [
            "null",
            "string"
          ]
        },
        "gists_url": {
          "type": [
            "null",
            "string"
          ]
        },
        "html_url": {
          "type": [
            "null",
            "string"
          ]
        },
        "repos_url": {
          "type": [
            "null",
            "string"
          ]
        },
        "events_url": {
          "type": [
            "null",
            "string"
          ]
        },
        "login": {
          "type": [
            "null",
            "string"
          ]
        },
        "followers_url": {
          "type": [
            "null",
            "string"
          ]
        },
        "starred_url": {
          "type": [
            "null",
            "string"
          ]
        },
        "avatar_url": {
          "type": [
            "null",
            "string"
          ]
        },
        "id": {
          "type": [
            "null",
            "integer"
          ]
        },
        "type": {
          "type": [
            "null",
            "string"
          ]
        },
        "site_admin": {
          "type": [
            "null",
            "boolean"
          ]
        },
        "node_id": {
          "type": [
            "null",
            "string"
          ]
        },
        "organizations_url": {
          "type": [
            "null",
            "string"
          ]
        },
        "following_url": {
          "type": [
            "null",
            "string"
          ]
        }
      }
    },
    "review_requester": {
      "type": [
        "null",
        "object"
      ],
      "properties": {
        "gravatar_id": {
          "type": [
            "null",
            "string"
          ]
        },
        "received_events_url": {
          "type": [
            "null",
            "string"
          ]
        },
        "url": {
          "type": [
            "null",
            "string"
          ]
        },
        "subscriptions_url": {
          "type": [
            "null",
            "string"
          ]
        },
        "gists_url": {
          "type": [
            "null",
            "string"
          ]
        },
        "html_url": {
          "type": [
            "null",
            "string"
          ]
        },
        "repos_url": {
          "type": [
            "null",
            "string"
          ]
        },
        "events_url": {
          "type": [
            "null",
            "string"
          ]
        },
        "login": {
          "type": [
            "null",
            "string"
          ]
        },
        "followers_url": {
          "type": [
            "null",
            "string"
          ]
        },
        "starred_url": {
          "type": [
            "null",
            "string"
          ]
        },
        "avatar_url": {
          "type": [
            "null",
            "string"
          ]
        },
        "id": {
          "type": [
            "null",
            "integer"
          ]
        },
        "type": {
          "type": [
            "null",
            "string"
          ]
        },
        "site_admin": {
          "type": [
            "null",
            "boolean"
          ]
        },
        "node_id": {
          "type": [
            "null",
            "string"
          ]
        },
        "organizations_url": {
          "type": [
            "null",
            "string"
          ]
        },
        "following_url": {
          "type": [
            "null",
            "string"
          ]
        }
      }
    },
    "assignee": {
      "type": [
        "null",
        "object"
      ],
      "properties": {
        "gravatar_id": {
          "type": [
            "null",
            "string"
          ]
        },
        "received_events_url": {
          "type": [
            "null",
            "string"
          ]
        },
        "url": {
          "type": [
            "null",
            "string"
          ]
        },
        "subscriptions_url": {
          "type": [
            "null",
            "string"
          ]
        },
        "gists_url": {
          "type": [
            "null",
            "string"
          ]
        },
        "html_url": {
          "type": [
            "null",
            "string"
          ]
        },
        "repos_url": {
          "type": [
            "null",
            "string"
          ]
        },
        "events_url": {
          "type": [
            "null",
            "string"
          ]
        },
        "login": {
          "type": [
            "null",
            "string"
          ]
        },
        "followers_url": {
          "type": [
            "null",
            "string"
          ]
        },
        "starred_url": {
          "type": [
            "null",
            "string"
          ]
        },
        "avatar_url": {
          "type": [
            "null",
            "string"
          ]
        },
        "id": {
          "type": [
            "null",
            "integer"
          ]
        },
        "type": {
          "type": [
            "null",
            "string"
          ]
        },
        "site_admin": {
          "type": [
            "null",
            "boolean"
          ]
        },
        "node_id": {
          "type": [
            "null",
            "string"
          ]
        },
        "organizations_url": {
          "type": [
            "null",
            "string"
          ]
        },
        "following_url": {
          "type": [
            "null",
            "string"
          ]
        }
      }
    },
    "assigner": {
      "type": [
        "null",
        "object"
      ],
      "properties": {
        "gravatar_id": {
          "type": [
            "null",
            "string"
          ]
        },
        "received_events_url": {
          "type": [
            "null",
            "string"
          ]
        },
        "url": {
          "type": [
            "null",
            "string"
          ]
        },
        "subscriptions_url": {
          "type": [
            "null",
            "string"
          ]
        },
        "gists_url": {
          "type": [
            "null",
            "string"
          ]
        },
        "html_url": {
          "type": [
            "null",
            "string"
          ]
        },
        "repos_url": {
          "type": [
            "null",
            "string"
          ]
        },
        "events_url": {
          "type": [
            "null",
            "string"
          ]
        },
        "login": {
          "type": [
            "null",
            "string"
          ]
        },
        "followers_url": {
          "type": [
            "null",
            "string"
          ]
        },
        "starred_url": {
          "type": [
            "null",
            "string"
          ]
        },
        "avatar_url": {
          "type": [
            "null",
            "string"
          ]
        },
        "id": {
          "type": [
            "null",
            "integer"
          ]
        },
        "type": {
          "type": [
            "null",
            "string"
          ]
        },
        "site_admin": {
          "type": [
            "null",
            "boolean"
          ]
        },
        "node_id": {
          "type": [
            "null",
            "string"
          ]
        },
        "organizations_url": {
          "type": [
            "null",
            "string"
          ]
        },
        "following_url": {
          "type": [
            "null",
            "string"
          ]
        }
      }
    }
  }
}