{
    "type": [
      "null",
      "object"
    ],
    "properties": {
      "_sdc_repository": {
        "type": [
          "null",
          "string"
        ]
      },
      "url": {
        "type": [
          "null",
          "string"
        ]
      },
      "project_url": {
        "type": [
          "null",
          "string"
        ]
      },
      "cards_url": {
        "type": [
          "null",
          "string"
        ]
      },
      "id": {
        "type": [
          "null",
          "number"
        ]
      },
      "node_id": {
        "type": [
          "null",
          "string"
        ]
      },
      "name": {
        "type": [
          "null",
          "string"
        ]
      },
      "created_at": {
        "type": [
          "null",
          "string"
        ],
        "format": "date-time"
      },
      "updated_at": {
        "type": [
          "null",
          "string"
        ],
        "format": "date-time"
      }
    }
  }