{
  "type": [
    "null",
    "object"
  ],
  "properties": {
    "_sdc_repository": {
      "type": [
        "null",
        "string"
      ]
    },
    "id": {
      "type": [
        "null",
        "number"
      ]
    },
    "node_id": {
      "type": [
        "null",
        "string"
      ]
    },
    "url": {
      "type": [
        "null",
        "string"
      ]
    },
    "html_url": {
      "type": [
        "null",
        "string"
      ]
    },
    "name": {
      "type": [
        "null",
        "string"
      ]
    },
    "slug": {
      "type": [
        "null",
        "string"
      ]
    },
    "description": {
      "type": [
        "null",
        "string"
      ]
    },
    "privacy": {
      "type": [
        "null",
        "string"
      ]
    },
    "permission": {
      "type": [
        "null",
        "string"
      ]
    },
    "members_url": {
      "type": [
        "null",
        "string"
      ]
    },
    "repositories_url": {
      "type": [
        "null",
        "string"
      ]
    },
    "parent": {
      "type": [
        "null",
        "string"
      ]
    }
  }
}
