{
  "$schema": "http://json-schema.org/draft-07/schema#",
  "definitions": {
    "schema": {
      "type": "object",
      "properties": {
        "source_schema": {
          "type": "string"
        },
        "target_schema": {
          "type": "string"
        },
        "tables": {
          "type": "array",
          "items": {
            "$ref": "#/definitions/table"
          }
        }
      },
      "required": [
        "source_schema",
        "target_schema"
      ]
    },
    "db_conn": {
      "type": "object",
      "properties": {
        "use_gtid": {
          "type": "boolean"
        },
        "engine": {
          "enum": ["mariadb", "mysql"]
        },
        "fastsync_parallelism": {
          "type": "integer",
          "minimum": 1,
          "maximum": 1000
        },
        "use_message_key": {
          "type": "boolean"
        },
        "limit": {
          "type": "integer",
          "minimum": 1000,
          "maximum": 1000000
        }
      }
    },
    "condition": {
      "anyOf": [
        {
          "type": "object",
          "properties": {
            "column": {
              "type": "string",
              "minLength": 1
            },
            "field_path": {
              "type": "string",
              "minLength": 1
            },
            "equals": {
              "type": ["null", "integer", "string", "boolean", "number"]
            }
          },
          "required": ["column", "equals"],
          "additionalProperties": false
        },
        {
          "type": "object",
          "properties": {
            "column": {
              "type": "string"
            },
            "regex_match": {
              "type": "string"
            },
            "field_path": {
              "type": "string",
              "minLength": 1
            }
          },
          "required": ["column", "regex_match"]
        }
      ]
    },
    "table": {
      "type": "object",
      "anyOf": [
        {
          "properties": {
            "table_name": {
              "type": "string"
            },
            "replication_method": {
              "type": "string",
              "enum": [
                "FULL_TABLE",
                "LOG_BASED"
              ]
            },
            "transformations": {
              "type": "array",
              "items": {
                "$ref": "#/definitions/transformation"
              }
            },
            "s3_csv_mapping:": {
              "$ref": "#/definitions/s3_csv_mapping"
            },
            "sync_start_from": {
              "type": "object",
              "properties": {
                "column": {
                  "type": "string",
                  "minLength": 1
                },
                "drop_target_table": {
                  "type": "boolean"
                },
                "static_value": {
                  "type": ["number", "string"],
                  "minLength": 1
                },
                "dynamic_value": {
                  "type": ["number", "string"],
                  "minLength": 1
                }
              },
              "oneOf": [
                 {
                  "type": "object",
                   "required": ["static_value"]
                },
                {
                  "type": "object",
                  "required": ["dynamic_value"]
                }
              ],
              "required": ["column"]
            }
          },
          "required": [
            "table_name"
          ]
        },
        {
          "properties": {
            "table_name": {
              "type": "string"
            },
            "replication_method": {
              "type": "string",
              "enum": [
                "INCREMENTAL"
              ]
            },
            "replication_key": {
              "type": "string"
            },
            "transformations": {
              "type": "array",
              "items": {
                "$ref": "#/definitions/transformation"
              }
            },
            "s3_csv_mapping:": {
              "$ref": "#/definitions/s3_csv_mapping"
            },
            "sync_start_from": {
              "type": "object",
              "properties": {
                "column": {
                  "type": "string",
                  "minLength": 1
                },
                "drop_target_table": {
                  "type": "boolean"
                },
                "static_value": {
                  "type": ["number", "string"],
                  "minLength": 1
                },
                "dynamic_value": {
                  "type": ["number", "string"],
                  "minLength": 1
                }
              },
              "oneOf": [
                 {
                  "type": "object",
                   "required": ["static_value"]
                },
                {
                  "type": "object",
                  "required": ["dynamic_value"]
                }
              ],
              "required": ["column"]
            }
          },
          "required": [
            "table_name",
            "replication_key"
          ]
        }
      ]
    },
    "transformation": {
      "type": "object",
      "additionalProperties": false,
      "properties": {
        "column": {
          "type": "string",
          "minLength": 1
        },
        "field_paths": {
          "type": "array",
          "items": {
            "type": "string",
            "minLength": 1
          },
          "minItems": 1
        },
        "type": {
          "type": "string",
          "enum": [
            "SET-NULL",
            "HASH",
            "HASH-SKIP-FIRST-1",
            "HASH-SKIP-FIRST-2",
            "HASH-SKIP-FIRST-3",
            "HASH-SKIP-FIRST-4",
            "HASH-SKIP-FIRST-5",
            "HASH-SKIP-FIRST-6",
            "HASH-SKIP-FIRST-7",
            "HASH-SKIP-FIRST-8",
            "HASH-SKIP-FIRST-9",
            "MASK-DATE",
            "MASK-NUMBER",
            "MASK-HIDDEN",
            "MASK-STRING-SKIP-ENDS-1",
            "MASK-STRING-SKIP-ENDS-2",
            "MASK-STRING-SKIP-ENDS-3",
            "MASK-STRING-SKIP-ENDS-4",
            "MASK-STRING-SKIP-ENDS-5",
            "MASK-STRING-SKIP-ENDS-6",
            "MASK-STRING-SKIP-ENDS-7",
            "MASK-STRING-SKIP-ENDS-8",
            "MASK-STRING-SKIP-ENDS-9"
          ]
        },
        "when": {
          "type": "array",
          "items": {
            "$ref": "#/definitions/condition"
          },
          "minItems": 1
        }
      },
      "required": [
        "column",
        "type"
      ]
    },
    "s3_csv_mapping": {
      "type": "object",
      "additionalProperties": false,
      "properties": {
        "search_prefix": {
          "type": "string"
        },
        "search_pattern": {
          "type": "string"
        },
        "key_properties": {
          "type": "array",
          "items": {
            "type": "string"
          }
        },
        "delimiter": {
          "type": "string"
        }
      },
      "required": [
        "search_pattern"
      ]
    },
    "tap_mongo_implies_ft_and_lb": {
      "anyOf": [
        {
          "not": {"$ref": "#/definitions/tap_mongo"}
        },
        {
          "properties": {
            "db_conn": {
              "type": "object",
              "properties": {
                "update_buffer_size": {
                  "type": "integer",
                  "minimum": 1,
                  "maximum": 1000
                },
                "await_time_ms": {
                  "type": "integer",
                  "minimum": 1
                }
              }
            },
            "schemas": {
            "type": "array",
            "items": {
              "properties": {
                "tables": {
                  "type": "array",
                  "items": {
                    "properties": {
                      "replication_method": {
                        "enum": ["LOG_BASED", "FULL_TABLE"]
                      }
                    }
                  }
                }
              },
              "required": ["tables"]
            }
          }
          },
          "required": ["schemas"]
        }
      ]
    },
    "tap_mongo": {
      "properties": {
        "type": {
          "enum": ["tap-mongodb"]
        }
      },
      "required": ["type"]
    },
    "is_tap_github": {
      "required": ["type"],
      "properties": {
        "type": {
          "enum": ["tap-github"]
        }
      }
    },
    "tap_github": {
      "anyOf": [
        {
          "not": {
            "$ref": "#/definitions/is_tap_github"
          }
        },
        {
          "required": ["db_conn"],
          "properties": {
            "db_conn": {
              "type": "object",
              "required": ["access_token", "start_date"],
              "properties": {
                "access_token": {
                  "type": "string"
                },
                "start_date": {
                  "type": "string",
                  "format": "date-time"
                },
                "organization": {
                  "type": "string"
                },
                "repos_include": {
                  "type": "string"
                },
                "repos_exclude": {
                  "type": "string"
                },
                "repository": {
                  "type": "string"
                },
                "include_archived": {
                  "type": "boolean",
                  "default": false
                },
                "include_disabled": {
                  "type": "boolean",
                  "default": false
                },
                "max_rate_limit_wait_seconds": {
                  "type": "integer",
                  "default": 600,
                  "minimum": 600,
                  "maximum": 3600
                }
              }
            }
          }
        }
      ]
    }
  },
  "type": "object",
  "properties": {
    "id": {
      "type": "string"
    },
    "name": {
      "type": "string"
    },
    "type": {
      "type": "string",
      "enum": [
        "tap-postgres",
        "tap-mongodb",
        "tap-mysql",
        "tap-oracle",
        "tap-zendesk",
        "tap-kafka",
        "tap-s3-csv",
        "tap-snowflake",
        "tap-salesforce",
        "tap-jira",
        "tap-zuora",
        "tap-google-analytics",
        "tap-github",
        "tap-shopify",
        "tap-slack",
        "tap-mixpanel",
        "tap-twilio"
      ]
    },
    "slack_alert_channel": {
      "type": "string",
      "pattern": "^#"
    },
    "db_conn": {
      "$ref": "#/definitions/db_conn"
    },
    "target": {
      "type": "string"
    },
    "batch_size_rows": {
      "type": "integer",
      "minimum": 1000,
      "maximum": 5000000
    },
    "stream_buffer_size": {
      "type": "integer",
      "minimum": 0,
      "maximum": 2500
    },
    "split_large_files": {
      "type": "boolean"
    },
    "split_file_chunk_size_mb": {
      "type": "integer",
      "minimum": 1,
      "maximum": 5000
    },
    "split_file_max_chunks": {
      "type": "integer",
      "min": 1,
      "max": 99999
    },
    "schemas": {
      "type": "array",
      "items": {
        "$ref": "#/definitions/schema"
      }
    }
  },
  "allOf": [
    {
      "$ref": "#/definitions/tap_mongo_implies_ft_and_lb"
    },
    {
      "$ref": "#/definitions/tap_github"
    }
  ],
  "required": [
    "id",
    "name",
    "type",
    "db_conn",
    "target",
    "schemas"
  ]
}
