{
  "definitions": {
    "db_conn_target_snowflake": {
      "type": "object",
      "properties": {
        "account": {
          "type": "string"
        },
        "dbname": {
          "type": "string"
        },
        "user": {
          "type": "string"
        },
        "password": {
          "type": "string"
        },
        "warehouse": {
          "type": "string"
        },
        "s3_bucket": {
          "type": "string"
        },
        "s3_key_prefix": {
          "type": "string"
        },
        "s3_acl": {
          "type": "string"
        },
        "stage": {
          "type": "string"
        },
        "file_format:": {
          "type": "string"
        },
        "aws_access_key_id": {
          "type": "string"
        },
        "aws_secret_access_key": {
          "type": "string"
        },
        "aws_session_token": {
          "type": "string"
        },
        "aws_profile": {
          "type": "string"
        },
        "client_side_encryption_master_key": {
          "type": "string"
        }
      },
      "required": [
        "account",
        "dbname",
        "user",
        "password",
        "warehouse",
        "s3_bucket",
        "s3_key_prefix",
        "stage",
        "file_format"
      ]
    },
    "db_conn_target_redshift": {
      "type": "object",
      "properties": {
        "host": {
          "type": "string"
        },
        "port": {
          "type": "integer"
        },
        "user": {
          "type": "string"
        },
        "password": {
          "type": "string"
        },
        "dbname": {
          "type": "string"
        },
        "aws_access_key_id": {
          "type": "string"
        },
        "aws_secret_access_key": {
          "type": "string"
        },
        "aws_session_token": {
          "type": "string"
        },
        "aws_profile": {
          "type": "string"
        },
        "s3_bucket": {
          "type": "string"
        },
        "s3_key_prefix": {
          "type": "string"
        },
        "s3_acl": {
          "type": "string"
        }
      },
      "required": [
        "host",
        "port",
        "user",
        "password",
        "dbname",
        "s3_bucket"
      ]
    },
    "db_conn_target_postgres": {
      "type": "object",
      "properties": {
        "host": {
          "type": "string"
        },
        "port": {
          "type": "integer"
        },
        "user": {
          "type": "string"
        },
        "password": {
          "type": "string"
        },
        "dbname": {
          "type": "string"
        }
      },
      "required": [
        "host",
        "port",
        "user",
        "password",
        "dbname"
      ]
    },
    "db_conn_target_s3_csv": {
      "type": "object",
      "properties": {
        "aws_access_key_id": {
          "type": "string"
        },
        "aws_secret_access_key": {
          "type": "string"
        },
        "aws_session_token": {
          "type": "string"
        },
        "aws_profile": {
          "type": "string"
        },
        "s3_bucket": {
          "type": "string"
        },
        "s3_key_prefix": {
          "type": "string"
        },
        "s3_acl": {
          "type": "string"
        },
        "delimiter": {
          "type": "string"
        },
        "quotechar:": {
          "type": "string"
        }
      },
      "required": [
        "s3_bucket"
      ]
    },
    "db_conn_target_bigquery": {
      "type": "object",
      "properties": {
        "project_id": {
          "type": "string"
        },
        "dataset_id": {
          "type": "string"
        }
      },
      "required": [
        "project_id"
      ]
    }
  },
  "type": "object",
  "properties": {
    "id": {
      "type": "string",
      "not": {
        "enum": [
          "tmp",
          "profiling"
        ]
      }
    },
    "name": {
      "type": "string"
    },
    "type": {
      "type": "string",
      "enum": [
        "target-snowflake",
        "target-redshift",
        "target-postgres",
        "target-s3-csv",
        "target-bigquery"
      ]
    },
    "db_conn": {
      "anyOf": [
        {
          "$ref": "#/definitions/db_conn_target_snowflake"
        },
        {
          "$ref": "#/definitions/db_conn_target_redshift"
        },
        {
          "$ref": "#/definitions/db_conn_target_postgres"
        },
        {
          "$ref": "#/definitions/db_conn_target_s3_csv"
        },
        {
          "$ref": "#/definitions/db_conn_target_bigquery"
        }
      ]
    }
  },
  "required": [
    "id",
    "name",
    "type",
    "db_conn"
  ]
}
