{
  "type": "object",
  "additionalProperties": false,
  "properties": {
    "account_sid": {
      "type": ["null", "string"]
    },
    "city": {
      "type": ["null", "string"]
    },
    "customer_name": {
      "type": ["null", "string"]
    },
    "date_created": {
      "format": "date-time",
      "type": ["null", "string"]
    },
    "date_updated": {
      "format": "date-time",
      "type": ["null", "string"]
    },
    "emergency_enabled": {
      "type": ["null", "boolean"]
    },
    "friendly_name": {
      "type": ["null", "string"]
    },
    "iso_country": {
      "type": ["null", "string"]
    },
    "postal_code": {
      "type": ["null", "string"]
    },
    "region": {
      "type": ["null", "string"]
    },
    "sid": {
      "type": ["null", "string"]
    },
    "street": {
      "type": ["null", "string"]
    },
    "validated": {
      "type": ["null", "boolean"]
    },
    "verified": {
      "type": ["null", "boolean"]
    },
    "uri": {
      "type": ["null", "string"]
    }
  }
}
