{
  "type": "object",
  "additionalProperties": false,
  "properties": {
    "account_sid": {
      "type": ["null", "string"]
    },
    "api_version": {
      "type": ["null", "string"]
    },
    "date_created": {
      "format": "date-time",
      "type": ["null", "string"]
    },
    "date_updated": {
      "format": "date-time",
      "type": ["null", "string"]
    },
    "friendly_name": {
      "type": ["null", "string"]
    },
    "message_status_callback": {
      "type": ["null", "string"]
    },
    "sid": {
      "type": ["null", "string"]
    },
    "sms_fallback_method": {
      "type": ["null", "string"]
    },
    "sms_fallback_url": {
      "type": ["null", "string"]
    },
    "sms_method": {
      "type": ["null", "string"]
    },
    "sms_status_callback": {
      "type": ["null", "string"]
    },
    "sms_url": {
      "type": ["null", "string"]
    },
    "status_callback": {
      "type": ["null", "string"]
    },
    "status_callback_method": {
      "type": ["null", "string"]
    },
    "uri": {
      "type": ["null", "string"]
    },
    "voice_callback_id_lookup": {
      "type": ["null", "boolean"]
    },
    "voice_fallback_method": {
      "type": ["null", "string"]
    },
    "voice_fallback_url": {
      "type": ["null", "string"]
    },
    "voice_method": {
      "type": ["null", "string"]
    },
    "voice_url": {
      "type": ["null", "string"]
    }
  }
}
