{
  "type": "object",
  "additionalProperties": false,
  "properties": {
    "friendly_name": {
      "type": [
        "null",
        "string"
      ]
    },
    "phone_number": {
      "type": [
        "null",
        "string"
      ]
    },
    "lata": {
      "type": [
        "null",
        "string"
      ]
    },
    "rate_center": {
      "type": [
        "null",
        "string"
      ]
    },
    "latitude": {
      "anyOf": [
        {
          "type": "null"
        },
        {
          "type": "number",
          "multipleOf": 1e-6
        },
        {
          "type": "string"
        }
      ]
    },
    "longitude": {
      "anyOf": [
        {
          "type": "null"
        },
        {
          "type": "number",
          "multipleOf": 1e-6
        },
        {
          "type": "string"
        }
      ]
    },
    "locality": {
      "type": [
        "null",
        "string"
      ]
    },
    "region": {
      "type": [
        "null",
        "string"
      ]
    },
    "postal_code": {
      "type": [
        "null",
        "string"
      ]
    },
    "iso_country": {
      "type": [
        "null",
        "string"
      ]
    },
    "address_requirements": {
      "type": [
        "null",
        "string"
      ]
    },
    "beta": {
      "type": [
        "null",
        "boolean"
      ]
    },
    "capabilities": {
      "type": [
        "null",
        "object"
      ],
      "additionalProperties": false,
      "properties": {
        "voice": {
          "type": [
            "null",
            "boolean"
          ]
        },
        "SMS": {
          "type": [
            "null",
            "boolean"
          ]
        },
        "MMS": {
          "type": [
            "null",
            "boolean"
          ]
        },
        "fax": {
          "type": [
            "null",
            "boolean"
          ]
        }
      }
    }
  }
}
