{
  "type": "object",
  "additionalProperties": false,
  "properties": {
    "sid": {
      "type": ["null", "string"]
    },
    "date_created": {
      "type": ["null", "string"],
      "format": "date-time"
    },
    "date_updated": {
      "type": ["null", "string"],
      "format": "date-time"
    },
    "parent_call_sid": {
      "type": ["null", "string"]
    },
    "account_sid": {
      "type": ["null", "string"]
    },
    "to": {
      "type": ["null", "string"]
    },
    "to_formatted": {
      "type": ["null", "string"]
    },
    "from": {
      "type": ["null", "string"]
    },
    "from_formatted": {
      "type": ["null", "string"]
    },
    "phone_number_sid": {
      "type": ["null", "string"]
    },
    "status": {
      "type": ["null", "string"]
    },
    "start_time": {
      "type": ["null", "string"],
      "format": "date-time"
    },
    "end_time": {
      "type": ["null", "string"],
      "format": "date-time"
    },
    "duration": {
      "type": ["null", "integer"]
    },
    "price": {
      "type": ["null", "number"],
      "multipleOf": 1e-8
    },
    "price_unit": {
      "type": ["null", "string"]
    },
    "direction": {
      "type": ["null", "string"]
    },
    "answered_by": {
      "type": ["null", "string"]
    },
    "annotation": {
      "type": ["null", "string"]
    },
    "api_version": {
      "type": ["null", "string"]
    },
    "forwarded_from": {
      "type": ["null", "string"]
    },
    "group_sid": {
      "type": ["null", "string"]
    },
    "caller_name": {
      "type": ["null", "string"]
    },
    "queue_time": {
      "type": ["null", "integer"]
    },
    "trunk_sid": {
      "type": ["null", "string"]
    },
    "uri": {
      "type": ["null", "string"]
    },
    "subresource_uris": {
      "anyOf": [
        {
          "type": "array",
          "items": {
            "type": ["null", "object"],
            "additionalProperties": false,
            "properties": {
              "subresource": {
                "type": ["null", "string"]
              },
              "uri": {
                "type": ["null", "string"]
              }
            }
          }
        },
        {
          "type": "null"
        },
        {
          "type": ["null", "object"],
          "additionalProperties": false,
          "properties": {
            "recordings": {
              "type": ["null", "string"]
            },
            "notifications": {
              "type": ["null", "string"]
            }
          }
        }
      ]
    }
  }
}
