{
  "type": "object",
  "additionalProperties": false,
  "properties": {
    "sid": {
      "type": [
        "null",
        "string"
      ]
    },
    "account_sid": {
      "type": [
        "null",
        "string"
      ]
    },
    "service_sid": {
      "type": [
        "null",
        "string"
      ]
    },
    "to": {
      "type": [
        "null",
        "string"
      ]
    },
    "channel_sid": {
      "type": [
        "null",
        "string"
      ]
    },
    "date_created": {
      "type": [
        "null",
        "string"
      ],
      "format": "date-time"
    },
    "date_updated": {
      "type": [
        "null",
        "string"
      ],
      "format": "date-time"
    },
    "last_updated_by": {
      "type": [
        "null",
        "string"
      ]
    },
    "was_edited": {
      "type": [
        "null",
        "boolean"
      ]
    },
    "from": {
      "type": [
        "null",
        "string"
      ]
    },
    "attributes": {
      "type": [
        "null",
        "string"
      ]
    },
    "body": {
      "type": [
        "null",
        "string"
      ]
    },
    "index": {
      "type": [
        "null",
        "integer"
      ]
    },
    "type": {
      "type": [
        "null",
        "string"
      ]
    },
    "media": {
      "type": [
        "null",
        "object"
      ]
    },
    "url": {
      "type": [
        "null",
        "string"
      ]
    }
  }
}
