{
  "type": "object",
  "additionalProperties": false,
  "properties": {
    "account_sid": {
      "type": ["null", "string"]
    },
    "api_version": {
      "type": ["null", "string"]
    },
    "body": {
      "type": ["null", "string"]
    },
    "date_created": {
      "type": ["null", "string"],
      "format": "date-time"
    },
    "date_sent": {
      "type": ["null", "string"],
      "format": "date-time"
    },
    "date_updated": {
      "type": ["null", "string"],
      "format": "date-time"
    },
    "direction": {
      "type": ["null", "string"]
    },
    "error_code": {
      "type": ["null", "string"]
    },
    "error_message": {
      "type": ["null", "string"]
    },
    "from": {
      "type": ["null", "string"]
    },
    "messaging_service_sid": {
      "type": ["null", "string"]
    },
    "num_media": {
      "type": ["null", "integer"]
    },
    "num_segments": {
      "type": ["null", "integer"]
    },
    "price": {
      "type": ["null", "number"],
      "multipleOf": 1e-8
    },
    "sid": {
      "type": ["null", "string"]
    },
    "status": {
      "type": ["null", "string"]
    },
    "subresource_uris": {
      "anyOf": [
        {
          "type": "array",
          "items": {
            "type": ["null", "object"],
            "additionalProperties": false,
            "properties": {
              "subresource": {
                "type": ["null", "string"]
              },
              "uri": {
                "type": ["null", "string"]
              }
            }
          }
        },
        {
          "type": "null"
        },
        {
          "type": [
            "null",
            "object"
          ],
          "additionalProperties": false,
          "properties": {
            "feedback": {
              "type": [
                "null",
                "string"
              ]
            },
            "media": {
              "type": [
                "null",
                "string"
              ]
            }
          }
        }
      ]
    },
    "to": {
      "type": ["null", "string"]
    },
    "uri": {
      "type": ["null", "string"]
    }
  }
}
