{
  "type": "object",
  "additionalProperties": false,
  "properties": {
    "account_sid": {
      "type": ["null", "string"]
    },
    "date_created": {
      "type": ["null", "string"],
      "format": "date-time"
    },
    "date_updated": {
      "type": ["null", "string"],
      "format": "date-time"
    },
    "friendly_name": {
      "type": ["null", "string"]
    },
    "phone_number": {
      "type": ["null", "string"]
    },
    "sid": {
      "type": ["null", "string"]
    },
    "uri": {
      "type": ["null", "string"]
    }
  }
}
