{
  "type": "object",
  "additionalProperties": false,
  "properties": {
    "account_sid": {
      "type": [
        "null",
        "string"
      ]
    },
    "api_version": {
      "type": [
        "null",
        "string"
      ]
    },
    "call_sid": {
      "type": [
        "null",
        "string"
      ]
    },
    "conference_sid": {
      "type": [
        "null",
        "string"
      ]
    },
    "date_created": {
      "type": [
        "null",
        "string"
      ],
      "format": "date-time"
    },
    "date_updated": {
      "type": [
        "null",
        "string"
      ],
      "format": "date-time"
    },
    "start_time": {
      "type": [
        "null",
        "string"
      ],
      "format": "date-time"
    },
    "duration": {
      "type": [
        "null",
        "integer"
      ]
    },
    "sid": {
      "type": [
        "null",
        "string"
      ]
    },
    "price": {
      "type": [
        "null",
        "number"
      ],
      "multipleOf": 1e-8
    },
    "price_unit": {
      "type": [
        "null",
        "string"
      ]
    },
    "status": {
      "type": [
        "null",
        "string"
      ]
    },
    "channels": {
      "type": [
        "null",
        "integer"
      ]
    },
    "source": {
      "type": [
        "null",
        "string"
      ]
    },
    "error_code": {
      "type": [
        "null",
        "string"
      ]
    },
    "uri": {
      "type": [
        "null",
        "string"
      ]
    },
    "encryption_details": {
      "type": [
        "null",
        "object"
      ],
      "additionalProperties": false,
      "properties": {
        "type": {
          "type": [
            "null",
            "string"
          ]
        },
        "encryption_public_key_sid": {
          "type": [
            "null",
            "string"
          ]
        },
        "encryption_cek": {
          "type": [
            "null",
            "string"
          ]
        },
        "iv": {
          "type": [
            "null",
            "string"
          ]
        }
      }
    },
    "subresource_uris": {
      "anyOf": [
        {
          "type": "array",
          "items": {
            "type": [
              "null",
              "object"
            ],
            "additionalProperties": false,
            "properties": {
              "subresource": {
                "type": [
                  "null",
                  "string"
                ]
              },
              "uri": {
                "type": [
                  "null",
                  "string"
                ]
              }
            }
          }
        },
        {
          "type": "null"
        },
        {
          "type": [
            "null",
            "object"
          ],
          "additionalProperties": false,
          "properties": {
            "transcriptions": {
              "type": [
                "null",
                "string"
              ]
            },
            "add_on_results": {
              "type": [
                "null",
                "string"
              ]
            }
          }
        }
      ]
    }
  }
}
