{
  "type": "object",
  "additionalProperties": false,
  "properties": {
    "sid": {
      "type": [
        "null",
        "string"
      ]
    },
    "account_sid": {
      "type": [
        "null",
        "string"
      ]
    },
    "service_sid": {
      "type": [
        "null",
        "string"
      ]
    },
    "friendly_name": {
      "type": [
        "null",
        "string"
      ]
    },
    "permissions": {
      "type": [
        "null",
        "array"
      ],
      "items": {
        "additionalProperties": false,
        "type": "string"
      }
    },
    "date_created": {
      "type": [
        "null",
        "string"
      ],
      "format": "date-time"
    },
    "date_updated": {
      "type": [
        "null",
        "string"
      ],
      "format": "date-time"
    },
    "url": {
      "type": [
        "null",
        "string"
      ]
    }
  }
}
