{
  "type": "object",
  "additionalProperties": false,
  "properties": {
    "account_sid": {
      "type": [
        "null",
        "string"
      ]
    },
    "consumption_report_interval": {
      "type": [
        "null",
        "integer"
      ]
    },
    "date_created": {
      "type": [
        "null",
        "string"
      ],
      "format": "date-time"
    },
    "date_updated": {
      "type": [
        "null",
        "string"
      ],
      "format": "date-time"
    },
    "default_channel_creator_role_sid": {
      "type": [
        "null",
        "string"
      ]
    },
    "default_channel_role_sid": {
      "type": [
        "null",
        "string"
      ]
    },
    "default_service_role_sid": {
      "type": [
        "null",
        "string"
      ]
    },
    "default_service_role_sid": {
      "type": [
        "null",
        "string"
      ]
    },
    "limits": {
      "type": [
        "null",
        "object"
      ],
      "additionalProperties": false,
      "properties": {
        "channel_members": {
          "type": [
            "null",
            "integer"
          ]
        },
        "user_channels": {
          "type": [
            "null",
            "integer"
          ]
        }
      }
    },
    "links": {
      "type": [
        "null",
        "object"
      ],
      "additionalProperties": false,
      "properties": {
        "channels": {
          "type": [
            "null",
            "string"
          ]
        },
        "users": {
          "type": [
            "null",
            "string"
          ]
        },
        "roles": {
          "type": [
            "null",
            "string"
          ]
        },
        "bindings": {
          "type": [
            "null",
            "string"
          ]
        }
      }
    },
    "notifications": {
      "type": [
        "null",
        "object"
      ]
    },
    "post_webhook_url": {
      "type": [
        "null",
        "string"
      ]
    },
    "pre_webhook_url": {
      "type": [
        "null",
        "string"
      ]
    },
    "pre_webhook_retry_count": {
      "type": [
        "null",
        "integer"
      ]
    },
    "post_webhook_retry_count": {
      "type": [
        "null",
        "integer"
      ]
    },
    "reachability_enabled": {
      "type": [
        "null",
        "boolean"
      ]
    },
    "read_status_enabled": {
      "type": [
        "null",
        "boolean"
      ]
    },
    "sid": {
      "type": [
        "null",
        "string"
      ]
    },
    "typing_indicator_timeout": {
      "type": [
        "null",
        "integer"
      ]
    },
    "url": {
      "type": [
        "null",
        "string"
      ]
    },
    "webhook_filters": {
      "type": [
        "null",
        "array"
      ],
      "items": {
        "additionalProperties": false,
        "type": "string"
      }
    },
    "webhook_method": {
      "type": [
        "null",
        "string"
      ]
    },
    "media": {
      "type": [
        "null",
        "object"
      ],
      "additionalProperties": false,
      "properties": {
        "size_limit_mb": {
          "type": [
            "null",
            "integer"
          ]
        },
        "compatibility_message": {
          "type": [
            "null",
            "string"
          ]
        }
      }
    }
  }
}
