{
  "type": "object",
  "additionalProperties": false,
  "properties": {
    "account_sid": {
      "type": [
        "null",
        "string"
      ]
    },
    "date_created": {
      "type": [
        "null",
        "string"
      ],
      "format": "date-time"
    },
    "date_updated": {
      "type": [
        "null",
        "string"
      ],
      "format": "date-time"
    },
    "friendly_name": {
      "type": [
        "null",
        "string"
      ]
    },
    "sid": {
      "type": [
        "null",
        "string"
      ]
    },
    "unique_name": {
      "type": [
        "null",
        "string"
      ]
    },
    "url": {
      "type": [
        "null",
        "string"
      ]
    },
    "workspace_sid": {
      "type": [
        "null",
        "string"
      ]
    },
    "channel_optimized_routing": {
      "type": [
        "null",
        "boolean"
      ]
    },
    "links": {
      "type": [
        "null",
        "object"
      ],
      "additionalProperties": false,
      "properties": {
        "workspace": {
          "type": [
            "null",
            "string"
          ]
        }
      }
    }
  }
}
