{
  "type": "object",
  "additionalProperties": false,
  "properties": {
    "account_sid": {
      "type": [
        "null",
        "string"
      ]
    },
    "age": {
      "type": [
        "null",
        "integer"
      ]
    },
    "assignment_status": {
      "type": [
        "null",
        "string"
      ]
    },
    "attributes": {
      "type": [
        "null",
        "object",
        "array"
      ]
    },
    "date_created": {
      "type": [
        "null",
        "string"
      ],
      "format": "date-time"
    },
    "date_updated": {
      "type": [
        "null",
        "string"
      ],
      "format": "date-time"
    },
    "task_queue_entered_date": {
      "type": [
        "null",
        "string"
      ],
      "format": "date-time"
    },
    "priority": {
      "type": [
        "null",
        "integer"
      ]
    },
    "reason": {
      "type": [
        "null",
        "string"
      ]
    },
    "sid": {
      "type": [
        "null",
        "string"
      ]
    },
    "task_queue_sid": {
      "type": [
        "null",
        "string"
      ]
    },
    "task_channel_sid": {
      "type": [
        "null",
        "string"
      ]
    },
    "task_channel_unique_name": {
      "type": [
        "null",
        "string"
      ]
    },
    "timeout": {
      "type": [
        "null",
        "integer"
      ]
    },
    "url": {
      "type": [
        "null",
        "string"
      ]
    },
    "workflow_sid": {
      "type": [
        "null",
        "string"
      ]
    },
    "workspace_sid": {
      "type": [
        "null",
        "string"
      ]
    },
    "workflow_friendly_name": {
      "type": [
        "null",
        "string"
      ]
    },
    "task_queue_friendly_name": {
      "type": [
        "null",
        "string"
      ]
    },
    "addons": {
      "type": [
        "null",
        "string"
      ]
    },
    "links": {
      "type": [
        "null",
        "object"
      ],
      "additionalProperties": false,
      "properties": {
        "task_queue": {
          "type": [
            "null",
            "string"
          ]
        },
        "workflow": {
          "type": [
            "null",
            "string"
          ]
        },
        "workspace": {
          "type": [
            "null",
            "string"
          ]
        },
        "reservations": {
          "type": [
            "null",
            "string"
          ]
        }
      }
    }
  }
}
