{
  "type": "object",
  "additionalProperties": false,
  "properties": {
    "category": {
      "type": ["null", "string"]
    },
    "count": {
       "anyOf": [
        {
          "type": "integer"
        },
        {
          "type": "null"
        },
        {
          "type": "string"
        }
      ]
    },
    "price_unit": {
      "type": ["null", "string"]
    },
    "subresource_uris": {
      "anyOf": [
        {
          "type": "array",
          "items": {
            "type": ["null", "object"],
            "additionalProperties": false,
            "properties": {
              "subresource": {
                "type": ["null", "string"]
              },
              "uri": {
                "type": ["null", "string"]
              }
            }
          }
        },
        {
          "type": "null"
        },
        {
          "type": ["null", "object"],
          "additionalProperties": false,
          "properties": {
            "yesterday": {
              "type": ["null", "string"]
            },
            "all_time": {
              "type": ["null", "string"]
            },
            "today": {
              "type": ["null", "string"]
            },
            "yearly": {
              "type": ["null", "string"]
            },
            "this_month": {
              "type": ["null", "string"]
            },
            "monthly": {
              "type": ["null", "string"]
            },
            "daily": {
              "type": ["null", "string"]
            },
            "last_month": {
              "type": ["null", "string"]
            }
          }
        }
      ]
    },
    "description": {
      "type": ["null", "string"]
    },
    "end_date": {
      "type": ["null", "string"],
      "format": "date-time"
    },
    "as_of": {
      "type": ["null", "string"],
      "format": "date-time"
    },
    "usage_unit": {
      "type": ["null", "string"]
    },
    "price": {
      "anyOf": [
        {
          "type": "null"
        },
        {
          "type": "number",
          "multipleOf": 1e-6
        }
      ]
    },
    "uri": {
      "type": ["null", "string"]
    },
    "account_sid": {
      "type": ["null", "string"]
    },
    "usage": {
      "anyOf": [
        {
          "type": "null"
        },
        {
          "type": "number",
          "multipleOf": 1e-8
        },
        {
          "type": "string"
        }
      ]
    },
    "start_date": {
      "type": ["null", "string"],
      "format": "date-time"
    },
    "count_unit": {
      "type": ["null", "string"]
    },
    "api_version": {
      "type": ["null", "string"]
    }
  }
}
