{
  "type": "object",
  "additionalProperties": false,
  "properties": {
    "account_sid": {
      "type": [
        "null",
        "string"
      ]
    },
    "assignment_callback_url": {
      "type": [
        "null",
        "string"
      ]
    },
    "configuration": {
      "type": [
        "null",
        "object",
        "array"
      ]
    },
    "date_created": {
      "type": [
        "null",
        "string"
      ],
      "format": "date-time"
    },
    "date_updated": {
      "type": [
        "null",
        "string"
      ],
      "format": "date-time"
    },
    "document_content_type": {
      "type": [
        "null",
        "string"
      ]
    },
    "fallback_assignment_callback_url": {
      "type": [
        "null",
        "string"
      ]
    },
    "friendly_name": {
      "type": [
        "null",
        "string"
      ]
    },
    "sid": {
      "type": [
        "null",
        "string"
      ]
    },
    "task_reservation_timeout": {
      "type": [
        "null",
        "integer"
      ]
    },
    "url": {
      "type": [
        "null",
        "string"
      ]
    },
    "workspace_sid": {
      "type": [
        "null",
        "string"
      ]
    },
    "links": {
      "type": [
        "null",
        "object"
      ],
      "additionalProperties": false,
      "properties": {
        "statistics": {
          "type": [
            "null",
            "string"
          ]
        },
        "real_time_statistics": {
          "type": [
            "null",
            "string"
          ]
        },
        "cumulative_statistics": {
          "type": [
            "null",
            "string"
          ]
        }
      }
    }
  }
}
