{
  "properties": {
    "id": {
      "type": [
        "integer"
      ]
    },
    "url": {
      "type": [
        "null",
        "string"
      ]
    },
    "title": {
      "type": [
        "null",
        "string"
      ]
    },
    "description": {
      "type": [
        "null",
        "string"
      ]
    },
    "position": {
      "type": [
        "null",
        "integer"
      ]
    },
    "filter": {
      "properties": {
        "all": {
          "type": ["null", "array"],
          "items": {
            "properties": {
              "field": {
                "type": [
                  "null",
                  "string"
                ]
              },
              "operator": {
                "type": [
                  "null",
                  "string"
                ]
              },
              "value": {
                "type": [
                  "null",
                  "string"
                ]
              }
            },
            "type": ["object"]
          }
        },
        "any": {
          "type": [
            "null",
            "array"
          ],
          "items": {
            "properties": {
              "field": {
                "type": [
                  "null",
                  "string"
                ]
              },
              "operator": {
                "type": [
                  "null",
                  "string"
                ]
              },
              "value": {
                "type": [
                  "null",
                  "string"
                ]
              }
            },
            "type": ["object"]
          }
        }
      },
      "type": ["null", "object"]
    },
    "policy_metrics": {
      "type": [
        "null",
        "array"
      ],
      "items": {
        "properties": {
          "priority": { "type": ["null", "string"] },
          "target": { "type": ["null", "integer"] },
          "business_hours": { "type": ["null", "boolean"] },
          "metric": { }
        },
        "type": [
          "null",
          "object"
        ]
      }
    },
    "created_at": {
      "type": [
        "null",
        "string"
      ],
      "format": "date-time"
    },
    "updated_at": {
      "type": [
        "null",
        "string"
      ],
      "format": "date-time"
    }
  },
  "type": [
    "object"
  ]
}
