{
  "properties": {
    "created_at": {
      "type": [
        "null",
        "string"
      ],
      "format": "date-time"
    },
    "body": {
      "type": [
        "null",
        "string"
      ]
    },
    "id": {
      "type": [
        "null",
        "integer"
      ]
    },
    "ticket_id": {
      "type": [
        "null",
        "integer"
      ]
    },
    "type": {
      "type": [
        "null",
        "string"
      ]
    },
    "html_body": {
      "type": [
        "null",
        "string"
      ]
    },
    "plain_body": {
      "type": [
        "null",
        "string"
      ]
    },
    "public": {
      "type": [
        "null",
        "boolean"
      ]
    },
    "audit_id": {
      "type": [
        "null",
        "integer"
      ]
    },
    "author_id": {
      "type": [
        "null",
        "integer"
      ]
    },
    "via": {"$ref": "shared/via.json"},
    "metadata": {"$ref": "shared/metadata.json"},
    "attachments": {"$ref": "shared/attachments.json"}
  },
  "type": [
    "null",
    "object"
  ]
}
