{
  "type": [
    "null",
    "object"
  ],
  "properties": {
    "events": {
      "type": [
        "null",
        "array"
      ],
      "items": {
        "type": [
          "null",
          "object"
        ],
        "properties": {
          "attachments": {
            "items": {
              "properties": {
                "id": {
                  "type": [
                    "null",
                    "integer"
                  ]
                },
                "size": {
                  "type": [
                    "null",
                    "integer"
                  ]
                },
                "url": {
                  "type": [
                    "null",
                    "string"
                  ]
                },
                "inline": {
                  "type": [
                    "null",
                    "boolean"
                  ]
                },
                "height": {
                  "type": [
                    "null",
                    "integer"
                  ]
                },
                "width": {
                  "type": [
                    "null",
                    "integer"
                  ]
                },
                "content_url": {
                  "type": [
                    "null",
                    "string"
                  ]
                },
                "mapped_content_url": {
                  "type": [
                    "null",
                    "string"
                  ]
                },
                "content_type": {
                  "type": [
                    "null",
                    "string"
                  ]
                },
                "file_name": {
                  "type": [
                    "null",
                    "string"
                  ]
                },
                "thumbnails": {
                  "items": {
                    "properties": {
                      "id": {
                        "type": [
                          "null",
                          "integer"
                        ]
                      },
                      "size": {
                        "type": [
                          "null",
                          "integer"
                        ]
                      },
                      "url": {
                        "type": [
                          "null",
                          "string"
                        ]
                      },
                      "inline": {
                        "type": [
                          "null",
                          "boolean"
                        ]
                      },
                      "height": {
                        "type": [
                          "null",
                          "integer"
                        ]
                      },
                      "width": {
                        "type": [
                          "null",
                          "integer"
                        ]
                      },
                      "content_url": {
                        "type": [
                          "null",
                          "string"
                        ]
                      },
                      "mapped_content_url": {
                        "type": [
                          "null",
                          "string"
                        ]
                      },
                      "content_type": {
                        "type": [
                          "null",
                          "string"
                        ]
                      },
                      "file_name": {
                        "type": [
                          "null",
                          "string"
                        ]
                      }
                    },
                    "type": [
                      "null",
                      "object"
                    ]
                  },
                  "type": [
                    "null",
                    "array"
                  ]
                }
              },
              "type": [
                "null",
                "object"
              ]
            },
            "type": [
              "null",
              "array"
            ]
          },
          "created_at": {
            "type": [
              "null",
              "string"
             ],
             "format": "date-time"
          },
          "data": {
            "type": [
              "null",
              "object"
            ],
            "properties": {
              "transcription_status": {
                "type": [
                  "null",
                  "string"
                ]
              },
              "transcription_text": {
                 "type": [
                   "null",
                   "string"
                 ]
              },
              "to": {
                "type": [
                  "null",
                  "string"
                ]
              },
              "call_duration": {
                "type": [
                  "null",
                  "string"
                ]
              },
              "answered_by_name": {
                "type": [
                  "null",
                  "string"
                ]
              },
              "recording_url": {
                "type": [
                  "null",
                  "string"
                ]
              },
              "started_at": {
                "type": [
                  "null",
                  "string"
                ],
                "format": "date-time"
              },
              "answered_by_id": {
                "type": [
                  "null",
                  "integer"
                ]
              },
              "from": {
                "type": [
                  "null",
                  "string"
                ]
              }
            }
          },
          "formatted_from": {
            "type": [
              "null",
              "string"
            ]
          },
          "formatted_to": {
            "type": [
              "null",
              "string"
            ]
          },
          "transcription_visible": {},
          "trusted": {
            "type": [
              "null",
              "boolean"
            ]
          },
          "html_body": {
            "type": [
              "null",
              "string"
            ]
          },
          "subject": {
            "type": [
              "null",
              "string"
            ]
          },
          "field_name": {
            "type": [
              "null",
              "string"
            ]
          },
          "audit_id": {
            "type": [
              "null",
              "integer"
            ]
          },
          "value": {
            "type": [
              "null",
              "array",
              "string"
            ],
            "items": {
              "type": [
                "null",
                "string"
              ]
            }
          },
          "author_id": {
            "type": [
              "null",
              "integer"
            ]
          },
          "via": {
            "properties": {
              "channel": {
                "type": [
                  "null",
                  "string"
                ]
              },
              "source": {
                "properties": {
                  "to": {
                    "properties": {
                      "address": {
                        "type": [
                          "null",
                          "string"
                        ]
                      },
                      "name": {
                        "type": [
                          "null",
                          "string"
                        ]
                      }
                    },
                    "type": [
                      "null",
                      "object"
                    ]
                  },
                  "from": {
                    "properties": {
                      "title": {
                        "type": [
                          "null",
                          "string"
                        ]
                      },
                      "address": {
                        "type": [
                          "null",
                          "string"
                        ]
                      },
                      "subject": {
                        "type": [
                          "null",
                          "string"
                        ]
                      },
                      "deleted": {
                        "type": [
                          "null",
                          "boolean"
                        ]
                      },
                      "name": {
                        "type": [
                          "null",
                          "string"
                        ]
                      },
                      "original_recipients": {
                        "items": {
                          "type": [
                            "null",
                            "string"
                          ]
                        },
                        "type": [
                          "null",
                          "array"
                        ]
                      },
                      "id": {
                        "type": [
                          "null",
                          "integer"
                        ]
                      },
                      "ticket_id": {
                        "type": [
                          "null",
                          "integer"
                        ]
                      },
                      "revision_id": {
                        "type": [
                          "null",
                          "integer"
                        ]
                      }
                    },
                    "type": [
                      "null",
                      "object"
                    ]
                  },
                  "rel": {
                    "type": [
                      "null",
                      "string"
                    ]
                  }
                },
                "type": [
                  "null",
                  "object"
                ]
              }
            },
            "type": [
              "null",
              "object"
            ]
          },
          "type": {
            "type": [
              "null",
              "string"
            ]
          },
          "macro_id": {
            "type": [
              "null",
              "string"
            ]
          },
          "body": {
            "type": [
              "null",
              "string"
            ]
          },
          "recipients": {
            "type": [
              "null",
              "array"
            ],
            "items": {
              "type": [
                "null",
                "integer"
              ]
            }
          },
          "macro_deleted": {
            "type": [
              "null",
              "boolean"
            ]
          },
          "plain_body": {
            "type": [
              "null",
              "string"
            ]
          },
          "id": {
            "type": [
              "null",
              "integer"
            ]
          },
          "previous_value": {
            "type": [
              "null",
              "array",
              "string"
            ],
            "items": {
              "type": [
                "null",
                "string"
              ]
            }
          },
          "macro_title": {
            "type": [
              "null",
              "string"
            ]
          },
          "public": {
            "type": [
              "null",
              "boolean"
            ]
          },
          "resource": {
            "type": [
              "null",
              "string"
            ]
          }
        }
      }
    },
    "author_id": {
      "type": [
        "null",
        "integer"
      ]
    },
    "metadata": {
      "type": [
        "null",
        "object"
      ],
      "properties": {
        "custom": {},
        "trusted": {
          "type": [
            "null",
            "boolean"
          ]
        },
        "notifications_suppressed_for": {
          "type": [
            "null",
            "array"
          ],
          "items": {
            "type": [
              "null",
              "integer"
            ]
          }
        },
        "flags_options": {
          "type": [
            "null",
            "object"
          ],
          "properties": {
            "2": {
              "type": [
                "null",
                "object"
              ],
              "properties": {
                "trusted": {
                  "type": [
                    "null",
                    "boolean"
                  ]
                }
              }
            },
            "11": {
              "type": [
                "null",
                "object"
              ],
              "properties": {
                "trusted": {
                  "type": [
                    "null",
                    "boolean"
                  ]
                },
                "message": {
                  "type": [
                    "null",
                    "object"
                  ],
                  "properties": {
                    "user": {
                      "type": [
                        "null",
                        "string"
                      ]
                    }
                  }
                }
              }
            }
          }
        },
        "flags": {
          "type": [
            "null",
            "array"
          ],
          "items": {
            "type": [
              "null",
              "integer"
            ]
          }
        },
        "system": {
          "type": [
            "null",
            "object"
          ],
          "properties": {
            "location": {
              "type": [
                "null",
                "string"
              ]
            },
            "longitude": {
              "type": [
                "null",
                "number"
              ]
            },
            "message_id": {
              "type": [
                "null",
                "string"
              ]
            },
            "raw_email_identifier": {
              "type": [
                "null",
                "string"
              ]
            },
            "ip_address": {
              "type": [
                "null",
                "string"
              ]
            },
            "json_email_identifier": {
              "type": [
                "null",
                "string"
              ]
            },
            "client": {
              "type": [
                "null",
                "string"
              ]
            },
            "latitude": {
              "type": [
                "null",
                "number"
              ]
            }
          }
        }
      }
    },
    "id": {
      "type": [
        "null",
        "integer"
      ]
    },
    "created_at": {
      "type": [
        "null",
        "string"
      ],
      "format": "date-time"
    },
    "ticket_id": {
      "type": [
        "null",
        "integer"
      ]
    },
    "via": {
      "type": [
        "null",
        "object"
      ],
      "properties": {
        "channel": {
          "type": [
            "null",
            "string"
          ]
        },
        "source": {
          "type": [
            "null",
            "object"
          ],
          "properties": {
            "from": {
              "type": [
                "null",
                "object"
              ],
              "properties": {
                "ticket_ids": {
                  "type": [
                    "null",
                    "array"
                  ],
                  "items": {
                    "type": [
                      "null",
                      "integer"
                    ]
                  }
                },
                "subject": {
                  "type": [
                    "null",
                    "string"
                  ]
                },
                "name": {
                  "type": [
                    "null",
                    "string"
                  ]
                },
                "address": {
                  "type": [
                    "null",
                    "string"
                  ]
                },
                "original_recipients": {
                  "type": [
                    "null",
                    "array"
                  ],
                  "items": {
                    "type": [
                      "null",
                      "string"
                    ]
                  }
                },
                "id": {
                  "type": [
                    "null",
                    "integer"
                  ]
                },
                "ticket_id": {
                  "type": [
                    "null",
                    "integer"
                  ]
                },
                "deleted": {
                  "type": [
                    "null",
                    "boolean"
                  ]
                },
                "title": {
                  "type": [
                    "null",
                    "string"
                  ]
                }
              }
            },
            "to": {
              "type": [
                "null",
                "object"
              ],
              "properties": {
                "name": {
                  "type": [
                    "null",
                    "string"
                  ]
                },
                "address": {
                  "type": [
                    "null",
                    "string"
                  ]
                }
              }
            },
            "rel": {
              "type": [
                "null",
                "string"
              ]
            }
          }
        }
      }
    }
  }
}
