{
  "properties": {
    "created_at": {
      "type": [
        "null",
        "string"
      ],
      "format": "date-time"
    },
    "name": {
      "type": [
        "null",
        "string"
      ]
    },
    "display_name": {
      "type": [
        "null",
        "string"
      ]
    },
    "raw_display_name": {
      "type": [
        "null",
        "string"
      ]
    },
    "position": {
      "type": [
        "null",
        "integer"
      ]
    },
    "raw_name": {
      "type": [
        "null",
        "string"
      ]
    },
    "updated_at": {
      "type": [
        "null",
        "string"
      ],
      "format": "date-time"
    },
    "active": {
      "type": [
        "null",
        "boolean"
      ]
    },
    "default": {
      "type": [
        "null",
        "boolean"
      ]
    },
    "in_all_brands": {
      "type": [
        "null",
        "boolean"
      ]
    },
    "end_user_visible": {
      "type": [
        "null",
        "boolean"
      ]
    },
    "url": {
      "type": [
        "null",
        "string"
      ]
    },
    "id": {
      "type": [
        "null",
        "integer"
      ]
    },
    "restricted_brand_ids": {
      "type": [
          "null",
          "array"
      ],
      "items": {
        "type": [
          "null",
          "integer"
        ]
      }
    },
    "ticket_field_ids": {
      "type": [
          "null",
          "array"
      ],
      "items": {
        "type": [
          "null",
          "integer"
        ]
      }
    }

  },
  "type": [
    "null",
    "object"
  ]
}
